"","Gene","BaseGeneMean","OutlierFactor","GeneMean","DEFacGroup1","DEFacGroup2","DEFacGroup3","DEFacGroup4","DEFacGroup5"
"Gene1","Gene1",0.293720608831755,1,0.293720608831755,1,1,1,1,1
"Gene2","Gene2",10.7038456909995,1,10.7038456909995,0.781109139291202,1.06159551388137,0.829291386562988,1,1
"Gene3","Gene3",24.4336632550288,1,24.4336632550288,1,1,1,1,1
"Gene4","Gene4",0.0158555686528625,1,0.0158555686528625,1,1,1,1,1.49227044886971
"Gene5","Gene5",28.1755340285565,1,28.1755340285565,1,1,1,1,1
"Gene6","Gene6",32.5658339398925,1,32.5658339398925,1,1,1,1.75609847270595,1
"Gene7","Gene7",24.1177391313307,1,24.1177391313307,1,1,1,1,1
"Gene8","Gene8",16.9321988428609,1,16.9321988428609,1,1,1,1,0.605880409627077
"Gene9","Gene9",22.6008265970791,1,22.6008265970791,1,1,1,1,1
"Gene10","Gene10",8.94144205003561,1,8.94144205003561,1,1,1,1,1
"Gene11","Gene11",3.22694128481854,1,3.22694128481854,1,1,1,1.09069665029947,1
"Gene12","Gene12",6.46762650285351,1,6.46762650285351,1.78115766112432,1,1,1,1
"Gene13","Gene13",33.4941131567522,1,33.4941131567522,1,1,1,1,1
"Gene14","Gene14",67.7534993369382,1,67.7534993369382,1,1,1,1,1
"Gene15","Gene15",40.011442104588,1,40.011442104588,1,1,1,1,1
"Gene16","Gene16",12.9824467072648,1,12.9824467072648,1,1,1,1,1
"Gene17","Gene17",3.07150531168495,1,3.07150531168495,1,1,1,1,1
"Gene18","Gene18",13.0892861387133,1,13.0892861387133,1.24277810507858,1,1,1,1
"Gene19","Gene19",117.095166979068,1,117.095166979068,1,1,0.645778064750456,1,1
"Gene20","Gene20",1.31956779037932,1,1.31956779037932,1,1,1,1,1
"Gene21","Gene21",33.4857350433958,1,33.4857350433958,1,1,0.832956152833691,1,1
"Gene22","Gene22",1.9304601024874,1,1.9304601024874,1,1.59297137004304,1,1,1
"Gene23","Gene23",24.0185021617768,1,24.0185021617768,1,0.803423132782354,1,1,1
"Gene24","Gene24",48.8877056008518,56.9997782953033,806.53478021634,1,1,0.971538708374778,1,1
"Gene25","Gene25",17.4696878721858,58.6485322036539,829.86429852101,1,1,1,1,1
"Gene26","Gene26",20.5706891432343,52.3075838772575,740.141223839952,1,1,1,1.29778653872889,1
"Gene27","Gene27",2.75874552558628,1,2.75874552558628,1,1,1,1,1
"Gene28","Gene28",0.0497633928099573,1,0.0497633928099573,1,1,1,1,1
"Gene29","Gene29",23.3965824204974,58.0635508073851,821.586935766616,1,1.20498336047137,1,1,1
"Gene30","Gene30",1.82661238268316,1,1.82661238268316,1.59958367847741,1,1,1,1
"Gene31","Gene31",36.7008472274975,1,36.7008472274975,1,1,1,1,1
"Gene32","Gene32",195.426926997388,1,195.426926997388,1,1,1,1,1
"Gene33","Gene33",22.8301526218419,47.95620874818,678.570188156492,1,1,1,1,1.31061336394842
"Gene34","Gene34",11.8856342548109,1,11.8856342548109,1,1,1,1,1
"Gene35","Gene35",106.07363853112,1,106.07363853112,1,1,1,1,1
"Gene36","Gene36",7.57803439812297,1,7.57803439812297,1,1,1,1,1
"Gene37","Gene37",4.06298712353142,1,4.06298712353142,1,1,1.44273612593439,1,1
"Gene38","Gene38",45.3156918606461,1,45.3156918606461,1,1,1,0.854239172940413,1
"Gene39","Gene39",76.7117214030888,1,76.7117214030888,1,1,0.910367114565262,1,1
"Gene40","Gene40",38.3251927401144,1,38.3251927401144,1,1,2.07892785555937,1,1
"Gene41","Gene41",0.0590425591023552,1,0.0590425591023552,1,1,1,1,1
"Gene42","Gene42",2.74638444283521,1,2.74638444283521,1,1.18220753832185,1,1,1
"Gene43","Gene43",82.4298218901088,1,82.4298218901088,1,1.15016548129791,1,1,1
"Gene44","Gene44",7.33580371288137,1,7.33580371288137,1,1,1,1,0.609998896312277
"Gene45","Gene45",0.024428679506354,1,0.024428679506354,1,0.647794241048245,1,1,1
"Gene46","Gene46",324.701184741978,1,324.701184741978,1,1,1,1,1
"Gene47","Gene47",12.1019126643944,1,12.1019126643944,1,1,1,1,0.80949772325775
"Gene48","Gene48",34.516574527418,1,34.516574527418,1,1,1,1,0.782995665760653
"Gene49","Gene49",0.0555094174446766,1,0.0555094174446766,1,1,1,1,1
"Gene50","Gene50",1.52243199805744,1,1.52243199805744,1,1,1,1,1
"Gene51","Gene51",30.1055387863991,1,30.1055387863991,1,1,1,1,1
"Gene52","Gene52",10.4543140717662,1,10.4543140717662,1,1,1,1,1
"Gene53","Gene53",2.19431905429774,1,2.19431905429774,1,1,1,1,1
"Gene54","Gene54",5.28957765171744,1,5.28957765171744,1,1,1,1,1
"Gene55","Gene55",10.6605093058974,1,10.6605093058974,1,1,1,1,1
"Gene56","Gene56",20.6014687752004,1,20.6014687752004,1,1,1,1,1
"Gene57","Gene57",1.1148796826831,1,1.1148796826831,1,1,1,1,1
"Gene58","Gene58",53.1711743267839,1,53.1711743267839,1,1,1,1,1
"Gene59","Gene59",2.02495802094615,1,2.02495802094615,1,1,1,1,1
"Gene60","Gene60",37.09949217556,1,37.09949217556,1.09292026196995,1,1,1,1
"Gene61","Gene61",1.5925223050708,1,1.5925223050708,0.658460127346607,1,1,1,1
"Gene62","Gene62",11.0737189298517,1,11.0737189298517,1,1,1,1,1
"Gene63","Gene63",67.0027955889544,1,67.0027955889544,1,1,1,1,1
"Gene64","Gene64",7.58295929607373,1,7.58295929607373,1,1,1,1,0.826266040058263
"Gene65","Gene65",30.8227187406383,1,30.8227187406383,0.437407615741598,1,1,1,1
"Gene66","Gene66",25.2992791564877,1,25.2992791564877,1.43799769015433,1,1,1,1
"Gene67","Gene67",18.7799106345587,1,18.7799106345587,1,1,1,1,1
"Gene68","Gene68",82.5658939009804,1,82.5658939009804,1,1,1,1,1
"Gene69","Gene69",48.2225464500023,1,48.2225464500023,1,1.27723635423702,1,1,2.00854799744302
"Gene70","Gene70",23.493493619765,1,23.493493619765,1,1,1,1,1
"Gene71","Gene71",5.653300074485,1,5.653300074485,1,1,1,1,1
"Gene72","Gene72",24.2781314591064,1,24.2781314591064,0.810465525024112,1,1,1,0.585737316013078
"Gene73","Gene73",22.1399396445483,1,22.1399396445483,1,1,1,1,1
"Gene74","Gene74",2.39879354112895,1,2.39879354112895,1,1,1,1,1
"Gene75","Gene75",3.63505556964368,1,3.63505556964368,1,1,1,1,1
"Gene76","Gene76",82.3724035711865,1,82.3724035711865,1,1,1,0.532995122119252,1
"Gene77","Gene77",2.93797386843949,1,2.93797386843949,0.63299017092039,1,1,1,1
"Gene78","Gene78",0.8737455266684,1,0.8737455266684,0.536995605199388,1,1,0.72131577456517,1.05060050360531
"Gene79","Gene79",24.8149008200263,1,24.8149008200263,1,1,1,1,1.22957400735108
"Gene80","Gene80",21.3883600547579,1,21.3883600547579,1,1,1.14288088072442,1,1
"Gene81","Gene81",91.4014152309309,1,91.4014152309309,1,1,1,0.994452827734094,1.52490598329478
"Gene82","Gene82",13.3610821158403,1,13.3610821158403,1,1,1,1,1
"Gene83","Gene83",2.0192503995328,1,2.0192503995328,1,1,1,1,1
"Gene84","Gene84",24.2993161804193,1,24.2993161804193,1,1,1,1,1
"Gene85","Gene85",68.0688846153043,1,68.0688846153043,1,1,1,1,1
"Gene86","Gene86",14.7547852561802,1,14.7547852561802,1.69984303036305,1,1,1,1
"Gene87","Gene87",75.1434880136958,1,75.1434880136958,1,1.34302110172239,1,1.45472221722953,1.1267672025076
"Gene88","Gene88",248.03047605324,1,248.03047605324,1,1,1,1,1
"Gene89","Gene89",49.1987867230687,1,49.1987867230687,1,1,1,1,1
"Gene90","Gene90",25.6680323065091,1,25.6680323065091,1,1,1.44027554466448,1,1
"Gene91","Gene91",0.354953323068877,1,0.354953323068877,1,1,1,1,1
"Gene92","Gene92",24.8439550324026,1,24.8439550324026,1,1,1,1,1
"Gene93","Gene93",73.0519260264172,54.7584925509653,774.821062035781,1,1,1,1,1
"Gene94","Gene94",35.9669773621545,1,35.9669773621545,1,1,1,1,0.793916659606028
"Gene95","Gene95",2.50829344159446,1,2.50829344159446,0.798083224425286,1,1,1,1
"Gene96","Gene96",15.7492869940398,1,15.7492869940398,1,1,1,1,1
"Gene97","Gene97",4.98252476471221,1,4.98252476471221,1,1,0.291622787614117,1,1
"Gene98","Gene98",51.9634241567066,1,51.9634241567066,0.66656212038384,1,1,1,1
"Gene99","Gene99",16.9747312724966,1,16.9747312724966,1,0.581014543823097,1,1,1
"Gene100","Gene100",163.939272474807,1,163.939272474807,1,1,1,1,1
"Gene101","Gene101",42.6409075662423,1,42.6409075662423,1,1,1,1,1
"Gene102","Gene102",72.806428126562,1,72.806428126562,1.09671794623004,1,1,1,1
"Gene103","Gene103",75.9847585705351,1,75.9847585705351,1,1,1,0.755213438860422,1
"Gene104","Gene104",19.0741963660521,1,19.0741963660521,1,1,1,1,1
"Gene105","Gene105",70.9632403139673,1,70.9632403139673,1,1,1,1,1
"Gene106","Gene106",24.5696905867911,1,24.5696905867911,1,1,1,1,1
"Gene107","Gene107",7.10995018832832,1,7.10995018832832,1,1,1,1,2.54057345011301
"Gene108","Gene108",2.50658636479952,1,2.50658636479952,1,1.92763298414071,0.81017566099448,1,1
"Gene109","Gene109",1.20964588153542,1,1.20964588153542,1,1,1,1,1
"Gene110","Gene110",46.8333792124312,1,46.8333792124312,1,1,1.35555496120165,1,1
"Gene111","Gene111",0.771703097156386,1,0.771703097156386,1,1,1,1,1
"Gene112","Gene112",6.30899003371362,1,6.30899003371362,1,1,1,1,1
"Gene113","Gene113",46.8123443900501,1,46.8123443900501,1,1,1,1,1
"Gene114","Gene114",0.0847676976250328,1,0.0847676976250328,1,1,1,1,1.40785411189065
"Gene115","Gene115",28.3194029572327,1,28.3194029572327,1,1,1,1,1
"Gene116","Gene116",2.82531532772488,1,2.82531532772488,1,1,1,1,1
"Gene117","Gene117",76.2553847201816,1,76.2553847201816,1,1,1,0.961140482792635,1
"Gene118","Gene118",12.2792204192193,1,12.2792204192193,1,1,1,1,1
"Gene119","Gene119",67.3916207336645,1,67.3916207336645,1,1,1,1,1
"Gene120","Gene120",2.24730210983451,1,2.24730210983451,1,1,1,1,1
"Gene121","Gene121",31.5377537809179,1,31.5377537809179,1,1,1,1,1
"Gene122","Gene122",10.6175010575919,1,10.6175010575919,1,1,1,1,1
"Gene123","Gene123",18.5934004188748,1,18.5934004188748,1.30645777208847,1.09096650791575,1,0.74975240058437,1
"Gene124","Gene124",65.6659308185071,1,65.6659308185071,1,1,1,1,1
"Gene125","Gene125",5.02509030722763,1,5.02509030722763,1,1,1,1,1
"Gene126","Gene126",9.69502843824128,1,9.69502843824128,0.76154766554322,1,0.886146289846929,1,1
"Gene127","Gene127",52.6410464858016,1,52.6410464858016,1,1,1,1,1
"Gene128","Gene128",5.83548235771707,1,5.83548235771707,1,1,1,1,1
"Gene129","Gene129",0.265349188739223,1,0.265349188739223,1,1,1,1,1
"Gene130","Gene130",71.8891487354014,1,71.8891487354014,1,1,1,1,1
"Gene131","Gene131",55.6435797213088,1,55.6435797213088,1,1,1,1,1
"Gene132","Gene132",43.83365906149,1,43.83365906149,1,1,1,1,1
"Gene133","Gene133",6.16081600618071,1,6.16081600618071,1,1,1,1,1
"Gene134","Gene134",10.1023612029112,1,10.1023612029112,1,1,1,1,1
"Gene135","Gene135",56.5353793543088,1,56.5353793543088,1,1,1,1,1
"Gene136","Gene136",56.1632457315762,1,56.1632457315762,1,1.11186102898696,1,1,1
"Gene137","Gene137",5.85896588362546,1,5.85896588362546,1,1,1,1,1
"Gene138","Gene138",4.4242617133457,1,4.4242617133457,1,1,1,1,1
"Gene139","Gene139",31.0460135892889,1,31.0460135892889,1,1,1,1.85713284691296,1
"Gene140","Gene140",2.25017976013888,1,2.25017976013888,1,1,1,1,1
"Gene141","Gene141",6.24429681611938,1,6.24429681611938,1,1,1,1,1
"Gene142","Gene142",3.37770376411265,1,3.37770376411265,1,1.40375742423569,1,1,1
"Gene143","Gene143",11.9220893770766,49.7074961039648,703.350533007586,1,1,1,1,1
"Gene144","Gene144",7.03279197976119,1,7.03279197976119,1,1,1,1,0.761584960838815
"Gene145","Gene145",1.11548537218283,1,1.11548537218283,1,1,1,1,1
"Gene146","Gene146",21.6375446661102,1,21.6375446661102,1,1,1,0.653237868228927,1
"Gene147","Gene147",13.7072174013082,1,13.7072174013082,0.885238948715031,1,1,1,1
"Gene148","Gene148",17.9710772998006,1,17.9710772998006,1,1,1,1,1
"Gene149","Gene149",81.5351371532215,1,81.5351371532215,1,1,1,1,1
"Gene150","Gene150",142.960877460194,1,142.960877460194,2.29987447135775,1,1,1,1
"Gene151","Gene151",7.89480332724165,1,7.89480332724165,1,1,1,1,0.779662261716884
"Gene152","Gene152",3.4046727119384,1,3.4046727119384,1,1,1,1,1
"Gene153","Gene153",1.76197614395395,1,1.76197614395395,1,1,1,1,1
"Gene154","Gene154",2.06088042676908,1,2.06088042676908,1,1,1,1,1
"Gene155","Gene155",28.1185896410483,1,28.1185896410483,1,1,1,1,0.427789989472884
"Gene156","Gene156",27.2609646772016,71.8596669979932,1016.79905539951,1,1,1,1,1
"Gene157","Gene157",21.1841081425408,1,21.1841081425408,1,1,0.591894052217518,1,1
"Gene158","Gene158",18.9541789222195,66.5321011632824,941.415128161663,1,1,1,1,1
"Gene159","Gene159",119.472518371812,1,119.472518371812,1,1,1,0.708784565780553,1
"Gene160","Gene160",21.5779959426006,1,21.5779959426006,1,1,1,1,1
"Gene161","Gene161",4.86088096822958,1,4.86088096822958,1,1,1,1,1
"Gene162","Gene162",32.2863477232592,1,32.2863477232592,1,1,1,1,1
"Gene163","Gene163",6.46562955978109,1,6.46562955978109,1,1,1,0.902380003579828,1
"Gene164","Gene164",4.29945309866804,1,4.29945309866804,1,1,1.63018513482758,1,1
"Gene165","Gene165",0.088836809704042,1,0.088836809704042,1,1,1,1,1
"Gene166","Gene166",28.759743312859,1,28.759743312859,1,1,1,1,1
"Gene167","Gene167",9.42791834123505,1,9.42791834123505,1,1,1,1.18323227102392,1.12488197799015
"Gene168","Gene168",4.27528479448989,1,4.27528479448989,1.10846156718653,1,1,1,1
"Gene169","Gene169",14.6075534934621,1,14.6075534934621,1,1.66120928558904,1,1,1
"Gene170","Gene170",7.25829993645343,1,7.25829993645343,1,1,1,1,1
"Gene171","Gene171",52.6654701350656,1,52.6654701350656,1,1,1,1,1
"Gene172","Gene172",19.4898027264115,1,19.4898027264115,1,1,1.00952839541351,1,1
"Gene173","Gene173",2.67985782178323,1,2.67985782178323,1,1,1,1.37877631142903,1
"Gene174","Gene174",8.55668409861961,1,8.55668409861961,1,1,0.579628277474491,1,1
"Gene175","Gene175",84.1309616310567,1,84.1309616310567,0.951359113448273,1,1,1,1
"Gene176","Gene176",7.53859043341045,1,7.53859043341045,1,1,1,1,1
"Gene177","Gene177",17.9146442071386,50.6386552740858,716.526237880142,1,1,1,1,1
"Gene178","Gene178",46.5992752970485,1,46.5992752970485,1,1,0.736513863266064,1,1
"Gene179","Gene179",72.8487808159438,1,72.8487808159438,0.708236455111099,1.56376467415065,1,1,1
"Gene180","Gene180",1.6386116250818,1,1.6386116250818,1,1.08287616034511,1,1,1
"Gene181","Gene181",7.48047783892787,1,7.48047783892787,1,1,1,1,1
"Gene182","Gene182",77.3889435554687,1,77.3889435554687,1,1,1.60814128462975,1,1
"Gene183","Gene183",3.45810295336682,1,3.45810295336682,1,1,1,0.786153037628879,1
"Gene184","Gene184",31.9033010168127,1,31.9033010168127,1,1,1,1,0.497860348165589
"Gene185","Gene185",36.8004117719217,1,36.8004117719217,1,1,1,1,1
"Gene186","Gene186",0.677868331948262,1,0.677868331948262,1,1,1,1,1
"Gene187","Gene187",182.453811325844,1,182.453811325844,1,1,1,1,1
"Gene188","Gene188",17.5656867623962,1,17.5656867623962,1,1,1,1,1
"Gene189","Gene189",3.96154982863402,1,3.96154982863402,0.863424252884652,1,1,1,1
"Gene190","Gene190",0.333572966610141,1,0.333572966610141,1,1,1,1,1
"Gene191","Gene191",28.8467368145252,1,28.8467368145252,1,1,1,1,1
"Gene192","Gene192",0.00462702220735506,1,0.00462702220735506,1,1,1,1,1
"Gene193","Gene193",3.11929060206252,1,3.11929060206252,1,1,1.38150637098804,1.06908801738625,1
"Gene194","Gene194",12.4569784360889,1,12.4569784360889,1,1,0.831598843655351,1,1
"Gene195","Gene195",43.903884917781,1,43.903884917781,0.574990665812565,1,1,1,1
"Gene196","Gene196",4.35748070602613,1,4.35748070602613,1,1,1,1,1
"Gene197","Gene197",71.3401554192231,1,71.3401554192231,1,1,1,1,1
"Gene198","Gene198",14.5993549711684,1,14.5993549711684,1,1,1,1,1
"Gene199","Gene199",0.660084076474175,1,0.660084076474175,1,1,1,1,1
"Gene200","Gene200",19.1039326186602,1,19.1039326186602,1,1,1,1,1
"Gene201","Gene201",38.3897264329287,1,38.3897264329287,1,1,1,1,1
"Gene202","Gene202",8.07254207486168,1,8.07254207486168,1,0.877256754208784,1,1.26104056693792,1
"Gene203","Gene203",34.0421860379117,1,34.0421860379117,1,1,1,1,1
"Gene204","Gene204",8.63875813250316,1,8.63875813250316,1,0.610164898850344,1,1,1
"Gene205","Gene205",10.0773848244042,1,10.0773848244042,1,1,1,1,1
"Gene206","Gene206",24.6620944960956,1,24.6620944960956,1,1,1,1,1
"Gene207","Gene207",0.987004706431285,1,0.987004706431285,1,1,1,1.30158654170336,1
"Gene208","Gene208",1.18058953040606,1,1.18058953040606,1,1,2.02715645468649,1,1
"Gene209","Gene209",18.1217354900811,1,18.1217354900811,1,0.498924068147083,1,1,1
"Gene210","Gene210",51.0070889738664,1,51.0070889738664,1,1,1,1,1
"Gene211","Gene211",32.5586821011191,1,32.5586821011191,1,1,1,1,1
"Gene212","Gene212",0.448435898249203,1,0.448435898249203,1,1,1,1,0.798236939909577
"Gene213","Gene213",2.48500147346353,1,2.48500147346353,1,1,1,1.1316499397475,1
"Gene214","Gene214",0.156413517692387,1,0.156413517692387,1,1,1,1,1
"Gene215","Gene215",28.04892073315,1,28.04892073315,1,1,1,1,1
"Gene216","Gene216",2.94701165062244,1,2.94701165062244,1,1,1,1,1
"Gene217","Gene217",15.247613426679,1,15.247613426679,1,1,1,1,1
"Gene218","Gene218",104.923078188888,1,104.923078188888,1,1,1,1,1
"Gene219","Gene219",8.57977621773173,1,8.57977621773173,1,1,1,1,0.714955821491387
"Gene220","Gene220",3.8762493328167,1,3.8762493328167,1,1,1,1,0.987579169893199
"Gene221","Gene221",44.7248282962564,1,44.7248282962564,1.10093776131889,1,1,1,1
"Gene222","Gene222",0.601224799816019,83.3557851982412,1179.4666910163,1,1,1,1,1
"Gene223","Gene223",56.8097926144709,1,56.8097926144709,1,1.05865693091168,1,1,1
"Gene224","Gene224",24.8194886382643,1,24.8194886382643,1,1,1,1,1
"Gene225","Gene225",15.31058567829,1,15.31058567829,1,1,1,1,1
"Gene226","Gene226",4.37601467138958,1,4.37601467138958,1,0.747202400469526,1,1,0.554114267185393
"Gene227","Gene227",13.4791693820206,1,13.4791693820206,1,1,1,1,1
"Gene228","Gene228",56.7846814090842,1,56.7846814090842,1,1,1.07604593248372,1,1
"Gene229","Gene229",24.1618462093,1,24.1618462093,1,1,1,1,1
"Gene230","Gene230",26.9706161125913,1,26.9706161125913,1,1,1,1,2.84640715479638
"Gene231","Gene231",0.509059901434158,1,0.509059901434158,1,1,1,1,1
"Gene232","Gene232",0.0202833821421818,1,0.0202833821421818,1,1,1,1,1
"Gene233","Gene233",72.6330422905854,1,72.6330422905854,1,1,1,1,1
"Gene234","Gene234",113.433993584514,1,113.433993584514,1,1,1,1,1
"Gene235","Gene235",5.18186758032535,1,5.18186758032535,1,1,1,1,1
"Gene236","Gene236",8.00985442802735,1,8.00985442802735,1,1,1,1.00934005719013,1
"Gene237","Gene237",7.08083633906904,54.358503637683,769.161303701428,1,1,1,1,1
"Gene238","Gene238",13.8639295914989,1,13.8639295914989,1,1,1,1.28027074491073,1
"Gene239","Gene239",3.10547322661485,1,3.10547322661485,1,1,1.52064805933867,1,1
"Gene240","Gene240",33.4731532212491,1,33.4731532212491,1,0.909231453363963,1,1,1.01492233195474
"Gene241","Gene241",0.144125507848367,1,0.144125507848367,1,1,1,1,1
"Gene242","Gene242",2.16840048702557,1,2.16840048702557,1,1.23983862885049,1,0.878497790203997,1
"Gene243","Gene243",16.2894037678421,1,16.2894037678421,1,1,1,1,1
"Gene244","Gene244",5.80350782060077,1,5.80350782060077,1,1,1,2.20746865714959,1
"Gene245","Gene245",7.8417810557345,1,7.8417810557345,1,1,1,1,1
"Gene246","Gene246",11.0612034440181,63.3326631710763,896.143758780347,1,1,1,1,1
"Gene247","Gene247",84.8983522405599,1,84.8983522405599,1,1,1,1,1
"Gene248","Gene248",43.1648539630121,1,43.1648539630121,1,1,1,1,1
"Gene249","Gene249",60.5954981361467,1,60.5954981361467,1,1,1,1,0.831090875191595
"Gene250","Gene250",53.6039601456002,1,53.6039601456002,1,1,1,0.44982731510708,1
"Gene251","Gene251",7.01278019256561,1,7.01278019256561,1,1,1,1,1
"Gene252","Gene252",23.4443736476133,1,23.4443736476133,1,1,1,1,1
"Gene253","Gene253",33.6984253546371,1,33.6984253546371,1,1,1,1,0.827350692086402
"Gene254","Gene254",6.63838101923055,1,6.63838101923055,1,1,1,1,1
"Gene255","Gene255",1.58657909572423,1,1.58657909572423,1,1,1,1,1
"Gene256","Gene256",29.4171942649445,1,29.4171942649445,1,1.00086679792635,1,1,1
"Gene257","Gene257",17.459582090165,55.5409009448631,785.891974956573,1,1,1,1,1
"Gene258","Gene258",6.53639796684625,1,6.53639796684625,1,1,1,1,1
"Gene259","Gene259",91.4931483442671,40.5577252218546,573.883214569952,1,1,0.402922219271368,1,1
"Gene260","Gene260",115.661057575063,1,115.661057575063,1,1,1,1,1
"Gene261","Gene261",9.2838845362901,1,9.2838845362901,1,1,1,1,1
"Gene262","Gene262",0.638782232003359,1,0.638782232003359,1,1,1,1,1
"Gene263","Gene263",33.213552706868,1,33.213552706868,1,1,1,1,1
"Gene264","Gene264",0.222342037451073,1,0.222342037451073,1,1,1,1,1
"Gene265","Gene265",23.2618882171671,1,23.2618882171671,1,1,1,1,1
"Gene266","Gene266",16.0417799784069,1,16.0417799784069,1,1,1,1,1
"Gene267","Gene267",56.7798066915573,1,56.7798066915573,1,1,1,1,0.905051787078893
"Gene268","Gene268",2.25628472390584,1,2.25628472390584,1,1,1,1,1
"Gene269","Gene269",51.7013651116129,1,51.7013651116129,1,1,1,1,1
"Gene270","Gene270",8.40808352479019,1,8.40808352479019,1,1,1,1,1
"Gene271","Gene271",1.10026165869526,1,1.10026165869526,1,1,0.987766885075385,0.823471957705108,1
"Gene272","Gene272",42.1446601444021,1,42.1446601444021,1,1,1,1,1.08297167189584
"Gene273","Gene273",29.6083329316412,67.1191219322941,949.721347608069,1,1,1,1,1
"Gene274","Gene274",71.9971622796304,1,71.9971622796304,1,1,1,1,1
"Gene275","Gene275",0.329152680792023,1,0.329152680792023,1,1,1,1,0.446262058645157
"Gene276","Gene276",34.0961677353506,1,34.0961677353506,1,1,1,1,1
"Gene277","Gene277",146.755882653337,1,146.755882653337,1,1,1,1,1
"Gene278","Gene278",2.03386693524017,1,2.03386693524017,1,1,1,1,1
"Gene279","Gene279",2.0972458093987,1,2.0972458093987,1.46797976504591,1,0.617982337723265,1,1
"Gene280","Gene280",1.04311160333747,25.5223780878393,361.136239776742,1,1,1,1,1
"Gene281","Gene281",127.759837849116,1,127.759837849116,1,1,1,1,1
"Gene282","Gene282",5.10914393136348,1,5.10914393136348,1,1,1,1,1
"Gene283","Gene283",21.7470931237312,1,21.7470931237312,1,1,1,1,1
"Gene284","Gene284",7.51810316371488,1,7.51810316371488,1,1,1,1,1
"Gene285","Gene285",38.0893791466648,1,38.0893791466648,1,1,1.02278895337101,1.17955310742166,0.736614529071998
"Gene286","Gene286",11.8612750403699,1,11.8612750403699,1,1,1,1,1
"Gene287","Gene287",1.51739011834661,1,1.51739011834661,1,1,1,1,1
"Gene288","Gene288",13.2099574269723,1,13.2099574269723,1,1,1,1,1
"Gene289","Gene289",93.6044272761177,1,93.6044272761177,1,1,0.816029477136027,1.13471446924043,1
"Gene290","Gene290",3.42118249009979,1,3.42118249009979,1,1,1,1,1
"Gene291","Gene291",14.6684081988118,1,14.6684081988118,1.19689704160541,1,1,1,1
"Gene292","Gene292",68.7659428871816,1,68.7659428871816,1,1,1,1,1
"Gene293","Gene293",24.2976107733046,1,24.2976107733046,1,1,1,1.03606005528737,1
"Gene294","Gene294",5.42205551988764,1,5.42205551988764,1,1,1,1,1
"Gene295","Gene295",58.8985831294498,1,58.8985831294498,1,1,1.36426110109878,1,1
"Gene296","Gene296",35.4726111311393,1,35.4726111311393,1,1,1,1,1
"Gene297","Gene297",15.4522916154864,1,15.4522916154864,1,1,1,2.26066834173042,1
"Gene298","Gene298",16.1576300461779,1,16.1576300461779,1,1,1,1,1
"Gene299","Gene299",1.49901330233608,1,1.49901330233608,1,1,1,1,1
"Gene300","Gene300",0.146475826396419,1,0.146475826396419,1,1,1,1,1
"Gene301","Gene301",4.16517564559566,1,4.16517564559566,1,1,1,1,1
"Gene302","Gene302",9.91260191701828,1,9.91260191701828,1.13515602743175,1,1,1,1
"Gene303","Gene303",5.86545919456765,1,5.86545919456765,0.483324589527273,1,1,1,0.678859360390071
"Gene304","Gene304",0.464998186520229,1,0.464998186520229,1,1,1,1,1
"Gene305","Gene305",107.249384565127,1,107.249384565127,1,1,1,1,0.910920434738696
"Gene306","Gene306",44.3005492502635,1,44.3005492502635,1.10698579047807,1,1,1,1
"Gene307","Gene307",1.58757587707026,1,1.58757587707026,1,1,1,1,1
"Gene308","Gene308",48.2974208716692,1,48.2974208716692,0.956962833541853,1,0.52013596738657,1,1.01725076172717
"Gene309","Gene309",0.194886481166086,1,0.194886481166086,1,1,1,1,0.974531902429783
"Gene310","Gene310",22.5327757120767,1,22.5327757120767,1,1,1,1,1
"Gene311","Gene311",49.8125660749198,1,49.8125660749198,1,1,1,0.742403556494803,1
"Gene312","Gene312",11.6497833339158,1,11.6497833339158,1,1,1,1,1
"Gene313","Gene313",0.338514441408194,1,0.338514441408194,1,1,1,1,1
"Gene314","Gene314",11.5628196640723,1,11.5628196640723,1,1,1,1.38737832381443,1
"Gene315","Gene315",6.16618654970087,1,6.16618654970087,1,1,1,1,1.65394293079439
"Gene316","Gene316",0.378710066010052,1,0.378710066010052,1,1,1,1,1
"Gene317","Gene317",5.03296918854946,1,5.03296918854946,1,1,1,1,1
"Gene318","Gene318",9.98193704084438,1,9.98193704084438,1,0.809176853510889,1,1,1
"Gene319","Gene319",0.00423018327291893,1,0.00423018327291893,1,1,1,0.720268981033502,1
"Gene320","Gene320",45.4593021893563,1,45.4593021893563,1,1,1,1,1
"Gene321","Gene321",9.02776380369771,1,9.02776380369771,1,1,1,1,1
"Gene322","Gene322",10.552882346914,1,10.552882346914,1,2.36276721442287,1.26159753094574,1,1
"Gene323","Gene323",43.6424898671096,1,43.6424898671096,0.541269330620157,1,1,1,1
"Gene324","Gene324",5.63450631256454,1,5.63450631256454,1,1,1,1,0.787429342645783
"Gene325","Gene325",14.909049802431,1,14.909049802431,1,1,1.31974280554221,1,1
"Gene326","Gene326",1.07601048821799,1,1.07601048821799,1,1,1,1,1
"Gene327","Gene327",15.9456750335248,1,15.9456750335248,1,1,1,1,1.03620122310119
"Gene328","Gene328",13.5363878216877,35.4991724326944,502.305764901972,1,1,1,1,1
"Gene329","Gene329",1.00585395535226,1,1.00585395535226,1,1,0.422543948401849,1,1.30653702162826
"Gene330","Gene330",1.86806186675957,1,1.86806186675957,1,1,1,1.01692328155095,1
"Gene331","Gene331",32.4117385133036,1,32.4117385133036,1,1,1,1,1
"Gene332","Gene332",50.3025284633347,1,50.3025284633347,1.3873485904683,1,1,1,1
"Gene333","Gene333",107.846562857488,1,107.846562857488,0.69059554580227,1,1,1,1.85164898026714
"Gene334","Gene334",30.1801240349126,1,30.1801240349126,1,1,1,0.64834810584184,1
"Gene335","Gene335",0.302170064056739,1,0.302170064056739,1,1,1,0.63879766621994,1
"Gene336","Gene336",27.6976799664259,1,27.6976799664259,1,1,1,1,1
"Gene337","Gene337",20.7549283905821,1,20.7549283905821,1.31278822079598,1,1,1,0.886993000426948
"Gene338","Gene338",13.1278111256493,1,13.1278111256493,1,1,1,1,1
"Gene339","Gene339",30.0364057140455,1,30.0364057140455,1,0.63726131971645,0.689013103341202,1,2.22550168068092
"Gene340","Gene340",8.93554809079082,1,8.93554809079082,1,1,1,1,1
"Gene341","Gene341",18.1173004203995,1,18.1173004203995,1,1,1,1,1
"Gene342","Gene342",15.4549942973484,1,15.4549942973484,1,1,1,1,1
"Gene343","Gene343",51.2723228188872,1,51.2723228188872,2.48171839210128,1,1,1,1
"Gene344","Gene344",2.28166835066931,1,2.28166835066931,1,0.993167046432868,1,1,1
"Gene345","Gene345",4.84221117669501,1,4.84221117669501,1,1,1,1,1
"Gene346","Gene346",1.31413328415685,1,1.31413328415685,1,1,1,1,1
"Gene347","Gene347",0.148235690878592,1,0.148235690878592,1,1,1,1,1
"Gene348","Gene348",28.8379251595629,1,28.8379251595629,1,1,1,1,1
"Gene349","Gene349",37.2050113228018,1,37.2050113228018,1,1,1,1,1
"Gene350","Gene350",28.7394130404119,1,28.7394130404119,1,1,0.555047883608007,1,1
"Gene351","Gene351",15.2174465344692,1,15.2174465344692,1,1,1,1,1.65473811864158
"Gene352","Gene352",9.12501952444523,1,9.12501952444523,1,1,1.01108643103948,1,1
"Gene353","Gene353",1.31043279791248,1,1.31043279791248,1,1,1,1,1
"Gene354","Gene354",8.19056212473152,1,8.19056212473152,1,1,1,1,1
"Gene355","Gene355",49.0181895950423,1,49.0181895950423,1,1,1,1,1
"Gene356","Gene356",1.82676563038447,1,1.82676563038447,1,1,0.875079952318064,1,1
"Gene357","Gene357",22.1845318757585,1,22.1845318757585,1,1,1,1,1
"Gene358","Gene358",67.4414267246411,1,67.4414267246411,1,1,1,0.906711060486591,1
"Gene359","Gene359",1.41234253417143,1,1.41234253417143,0.812887915354661,1,1,1,1
"Gene360","Gene360",29.0508101384476,1,29.0508101384476,1,1,1,1,1
"Gene361","Gene361",7.20534793099792,1,7.20534793099792,1,1,1,1,1
"Gene362","Gene362",12.3138804865983,1,12.3138804865983,1,1,1,1,1
"Gene363","Gene363",58.4691737716663,1,58.4691737716663,1,1,1,1,2.30918266201755
"Gene364","Gene364",30.7975832793858,1,30.7975832793858,0.660519370028839,1,1,0.531819292400458,1
"Gene365","Gene365",34.9257017714372,1,34.9257017714372,1,1,1,1,1
"Gene366","Gene366",20.7454200897013,1,20.7454200897013,1.59896869389213,1,1,1,1
"Gene367","Gene367",35.2009319010131,1,35.2009319010131,1,1,1,1.85738059571864,1
"Gene368","Gene368",49.2850573895878,1,49.2850573895878,1,1,1,1,1
"Gene369","Gene369",45.5412453701377,1,45.5412453701377,1,1,1,1,1
"Gene370","Gene370",19.5947456465417,1,19.5947456465417,1,1,1,1,1
"Gene371","Gene371",56.1489187399779,1,56.1489187399779,1,1.00154112077216,1,1,1
"Gene372","Gene372",17.2939371205563,1,17.2939371205563,1,1,1,1,1
"Gene373","Gene373",86.5177204232634,1,86.5177204232634,0.833626814739441,1,1,1,1
"Gene374","Gene374",13.7696184156057,1,13.7696184156057,1,1.06096413371433,1,1,1
"Gene375","Gene375",0.42212101753651,1,0.42212101753651,1,0.925018842923406,1,1,1
"Gene376","Gene376",0.943953528732235,1,0.943953528732235,1,1,1,1,1
"Gene377","Gene377",1.3667670678929,1,1.3667670678929,1.53706756227529,1,1,1,1
"Gene378","Gene378",3.49979769795659,1,3.49979769795659,1,1,1,1,1
"Gene379","Gene379",0.0530460029101785,1,0.0530460029101785,1,1,1,1,1
"Gene380","Gene380",19.3478368889047,1,19.3478368889047,1,1,1,1,1
"Gene381","Gene381",22.8489350961497,1,22.8489350961497,1,0.765846601709288,1,1,1
"Gene382","Gene382",98.670389304485,1,98.670389304485,1,1,1,1,1
"Gene383","Gene383",1.90057882641033,1,1.90057882641033,1,1,1,1.37051860340418,1
"Gene384","Gene384",18.2092390062003,1,18.2092390062003,1,1,1,1,0.871626747504974
"Gene385","Gene385",49.3005396558257,1,49.3005396558257,1,1,0.79222856134263,1,1
"Gene386","Gene386",26.5008506781852,1,26.5008506781852,1,1,0.77733949330336,1,1
"Gene387","Gene387",101.226930713829,1,101.226930713829,1,1,1,1,1
"Gene388","Gene388",80.8828401116123,1,80.8828401116123,1,1,1,1.41486324379153,1
"Gene389","Gene389",6.30952395788793,1,6.30952395788793,1,1,1.32748087634242,1,1
"Gene390","Gene390",9.21630910342228,1,9.21630910342228,1,1,1,1,1
"Gene391","Gene391",52.4557716103822,1,52.4557716103822,1,1,1,1,1
"Gene392","Gene392",17.8375915788425,1,17.8375915788425,1,1,1,1,0.88738600298986
"Gene393","Gene393",1.74173143084745,1,1.74173143084745,1,1,1,1,1
"Gene394","Gene394",6.44678441344442,1,6.44678441344442,1,1,1,1,1
"Gene395","Gene395",16.0052319342568,1,16.0052319342568,1,1,1,1.48094602698757,1
"Gene396","Gene396",6.16791619607888,1,6.16791619607888,1,1,1,1,1
"Gene397","Gene397",17.1480284373018,1,17.1480284373018,1,1,1,1,1
"Gene398","Gene398",0.0687788252158841,1,0.0687788252158841,0.785241679633822,1,1,1,1
"Gene399","Gene399",23.6926603354987,1,23.6926603354987,1,1,1,1,1.1024981256591
"Gene400","Gene400",0.166838447591688,1,0.166838447591688,1,1,1,1,1
"Gene401","Gene401",18.8993306400722,1,18.8993306400722,1,1,1,1,1
"Gene402","Gene402",0.148581848507913,64.4997743788507,912.658134969208,1.08523428543889,1,1,1,1
"Gene403","Gene403",0.0147275305572555,1,0.0147275305572555,1.67435872616058,1,1,1,1
"Gene404","Gene404",16.5767478313254,1,16.5767478313254,1,1,1,1,1
"Gene405","Gene405",2.98287759877426,1,2.98287759877426,1,1,1,1,1
"Gene406","Gene406",0.932896092712846,1,0.932896092712846,1,1,1.009085419244,1,1
"Gene407","Gene407",2.45869099105986,1,2.45869099105986,1.02957942308181,1,1,1,1
"Gene408","Gene408",68.7031203812579,1,68.7031203812579,1,1,1,1,1
"Gene409","Gene409",12.994517162367,1,12.994517162367,1,1,1,1,1
"Gene410","Gene410",0.00879594192328823,1,0.00879594192328823,1,2.97590005609444,1,1,1
"Gene411","Gene411",74.7592169912582,1,74.7592169912582,1,1,1,1,1
"Gene412","Gene412",42.7156555055373,1,42.7156555055373,1,1,1,1,1
"Gene413","Gene413",104.359237558983,1,104.359237558983,1,1,1,1,1
"Gene414","Gene414",43.4192708562428,1,43.4192708562428,1,1,1,1,1
"Gene415","Gene415",49.4264756921691,1,49.4264756921691,1,0.947031784349201,1,1,1
"Gene416","Gene416",1.09036096931795,1,1.09036096931795,1,1,1,0.912851818384115,1
"Gene417","Gene417",2.48030808147779,81.1146826069845,1147.75556441301,1,1,1,1,1.2241701898955
"Gene418","Gene418",40.9804164236041,1,40.9804164236041,1,1,1,1,1
"Gene419","Gene419",2.81281120166744,1,2.81281120166744,1,1,1,1.0017978390024,1
"Gene420","Gene420",60.8819346246915,1,60.8819346246915,1,1,1,1,1
"Gene421","Gene421",18.8280267158615,1,18.8280267158615,1,1,1,1,1
"Gene422","Gene422",0.0530647160674657,1,0.0530647160674657,1,1,1,1,1
"Gene423","Gene423",0.243427664004734,1,0.243427664004734,1,1,1,1,1.55588819316328
"Gene424","Gene424",22.1753523609493,1,22.1753523609493,1.43422006585027,1,0.677071510256995,1,1
"Gene425","Gene425",1.90027869842247,1,1.90027869842247,1,1,1,1,1
"Gene426","Gene426",0.04567574048765,1,0.04567574048765,1,1,1,1,1
"Gene427","Gene427",0.075323923009475,1,0.075323923009475,1,1,1,1,1
"Gene428","Gene428",108.23442545785,1,108.23442545785,1,1.17497331565623,1,1,1
"Gene429","Gene429",5.83416181786117,1,5.83416181786117,1,1,1,1,1
"Gene430","Gene430",0.235403115553484,1,0.235403115553484,1,1,1,1,1
"Gene431","Gene431",0.196469565588686,1,0.196469565588686,1,1,1,1,1
"Gene432","Gene432",1.99044450689995,1,1.99044450689995,1,1,0.502947811402415,1,1
"Gene433","Gene433",26.313535407806,1,26.313535407806,1,1,0.990663247991591,1,1
"Gene434","Gene434",0.045717040135009,1,0.045717040135009,1,1,1.46487107918158,1,1
"Gene435","Gene435",0.457994575341728,1,0.457994575341728,1,1,1,1,1
"Gene436","Gene436",107.949581755406,1,107.949581755406,1,1,1,1,1
"Gene437","Gene437",18.602907166968,1,18.602907166968,0.907483767409738,1.13634743205833,1,1,1
"Gene438","Gene438",49.1054032057337,1,49.1054032057337,1,1,1,1,1
"Gene439","Gene439",1.22530102597539,1,1.22530102597539,1,1,1,1,1
"Gene440","Gene440",3.17187715751473,1,3.17187715751473,1,1,1,1,1
"Gene441","Gene441",40.1048731583513,1,40.1048731583513,1.23328560976386,1,1,1,1
"Gene442","Gene442",6.65696608929611,1,6.65696608929611,1,1,1,1,1
"Gene443","Gene443",6.24296656251907,1,6.24296656251907,1,1,1,1,1
"Gene444","Gene444",113.560727336392,1,113.560727336392,1,1,1,1,1
"Gene445","Gene445",20.8066934456741,1,20.8066934456741,1,1,1,1,1
"Gene446","Gene446",0.941099577523752,1,0.941099577523752,1,0.912679651142776,1,1,1
"Gene447","Gene447",15.7142326042634,1,15.7142326042634,1,1,1,1,1
"Gene448","Gene448",1.06713210603058,1,1.06713210603058,1,1,1,1,1
"Gene449","Gene449",67.7208912943142,1,67.7208912943142,1,1,1,1,1
"Gene450","Gene450",0.869905634805675,1,0.869905634805675,1,1,1,1,1
"Gene451","Gene451",23.3742225884647,1,23.3742225884647,1,1,1,1.48279882629751,1
"Gene452","Gene452",30.0598159153721,1,30.0598159153721,1,0.998490668667819,1,1,0.810172429160938
"Gene453","Gene453",17.7475437151845,1,17.7475437151845,0.655953276365328,0.704875453106618,1,1,1
"Gene454","Gene454",4.76971243652401,29.0233668728211,410.674488953894,1,1,1,1,1
"Gene455","Gene455",12.9800764975355,1,12.9800764975355,1,1,1,1,1
"Gene456","Gene456",2.29382192120388,1,2.29382192120388,1,1,1,1,1
"Gene457","Gene457",27.686969077794,1,27.686969077794,1,1,1,1,1.33346905942745
"Gene458","Gene458",0.738993814646424,1,0.738993814646424,1,1,1,1,1
"Gene459","Gene459",3.93982603837957,1,3.93982603837957,1,1,1,1,1
"Gene460","Gene460",3.0694449525824,1,3.0694449525824,1,1,1,1,1.01912245462166
"Gene461","Gene461",1.80037655488514,1,1.80037655488514,1,1,1,1,1
"Gene462","Gene462",8.45920691811931,1,8.45920691811931,1,1,1,1,1
"Gene463","Gene463",40.6811660372775,1,40.6811660372775,1,1,1,1,1
"Gene464","Gene464",42.1907298212966,1,42.1907298212966,1,1,1,1,1
"Gene465","Gene465",8.271468985986,1,8.271468985986,1,1,1,1,1.23533301419595
"Gene466","Gene466",14.5228699301208,1,14.5228699301208,1,1,1,1,1
"Gene467","Gene467",41.2153098660075,1,41.2153098660075,1,1,1.04239658562204,1,1
"Gene468","Gene468",11.9670231733714,1,11.9670231733714,1,1,0.66517016091686,1,1
"Gene469","Gene469",2.4795218403577,1,2.4795218403577,1,1.66650447451994,1,1,1
"Gene470","Gene470",0.677151482954149,1,0.677151482954149,1,1,1,1,1
"Gene471","Gene471",0.205755660732584,1,0.205755660732584,1,1,1,1,1
"Gene472","Gene472",141.689551706367,1,141.689551706367,1,1,1,1,1
"Gene473","Gene473",46.1164777342049,79.3830392376647,1123.25317780632,0.653580804993852,1,1,1.87065382232119,1
"Gene474","Gene474",14.2112337801683,1,14.2112337801683,1,1,0.781848434320757,1,1
"Gene475","Gene475",124.814990768462,1,124.814990768462,1,1,1,1,1
"Gene476","Gene476",24.9064294808787,1,24.9064294808787,1,1,1.67956410899611,1,1
"Gene477","Gene477",6.65730602711278,30.9606307372951,438.086361980134,1,1,1,1,0.910361293320423
"Gene478","Gene478",90.6854161311872,1,90.6854161311872,1,1,1,1,1
"Gene479","Gene479",2.32423780267196,1,2.32423780267196,0.903937103133217,1,1,1,1
"Gene480","Gene480",23.0132212263229,1,23.0132212263229,1,1,1,1,1
"Gene481","Gene481",41.8496718968323,1,41.8496718968323,1,0.988798857772804,1,1,1
"Gene482","Gene482",33.1015974703041,1,33.1015974703041,1,1,1,1,1
"Gene483","Gene483",1.17767961513408,1,1.17767961513408,1,1,0.628828235200016,1.60103186964723,1
"Gene484","Gene484",0.617193538745027,1,0.617193538745027,1,1,1,1,1
"Gene485","Gene485",42.4643025671313,1,42.4643025671313,1,1.22480857960884,1,1,1
"Gene486","Gene486",0.22585358777619,1,0.22585358777619,1,1,1,1,1
"Gene487","Gene487",6.65119851360301,40.8033561440363,577.358840050631,1,1,1,1,1
"Gene488","Gene488",7.97259866845713,1,7.97259866845713,1,1,1,1,1
"Gene489","Gene489",21.5434706426294,31.015076185319,438.856753528469,1,1,1,1,1
"Gene490","Gene490",31.3111710076047,1,31.3111710076047,1,1,1,1,1
"Gene491","Gene491",0.00762994522067361,1,0.00762994522067361,1,1,1,1,1
"Gene492","Gene492",53.6202501709352,1,53.6202501709352,1,1,1,1,1
"Gene493","Gene493",52.0195241309817,1,52.0195241309817,1,1.18004630517632,1,1,1
"Gene494","Gene494",8.60709443853022,1,8.60709443853022,1,1,1,1,1
"Gene495","Gene495",4.82061787346998,1,4.82061787346998,1,1,1,1,1
"Gene496","Gene496",109.13070849707,1,109.13070849707,1,1,1,1,1
"Gene497","Gene497",8.29182205175631,1,8.29182205175631,1,1,1,1,1
"Gene498","Gene498",5.17244141316317,1,5.17244141316317,0.784138383708245,1,1,1,1.0860252753469
"Gene499","Gene499",115.272147684518,1,115.272147684518,1.71585715785221,1,1,1,1
"Gene500","Gene500",25.7027033162764,1,25.7027033162764,1,1,1,1,1
"Gene501","Gene501",115.726150070827,1,115.726150070827,1,1,1,1,1
"Gene502","Gene502",18.9224235372389,1,18.9224235372389,1,1,1,1,1
"Gene503","Gene503",3.65323879036636,1,3.65323879036636,1,1,1.34168585099182,0.909309629819326,1
"Gene504","Gene504",17.726515840128,1,17.726515840128,1.24606673575617,1,1,1,1
"Gene505","Gene505",0.352641935196524,1,0.352641935196524,1,1.30390078403187,1,1,1
"Gene506","Gene506",9.17559439751758,1,9.17559439751758,1,0.604916505715974,1,1,1
"Gene507","Gene507",7.23811905628488,1,7.23811905628488,1,1,1,1,1.34699170056818
"Gene508","Gene508",30.684795841935,1,30.684795841935,1,1,1,1,1
"Gene509","Gene509",19.674275798854,1,19.674275798854,1,1,1,1,1
"Gene510","Gene510",46.2354804637321,1,46.2354804637321,1.13856665315703,1,1,1,1
"Gene511","Gene511",92.6527543534629,1,92.6527543534629,1,1,1.06151778332396,1,1
"Gene512","Gene512",93.7401753890875,1,93.7401753890875,1,1,1,1,1
"Gene513","Gene513",12.4580848365856,1,12.4580848365856,1,1,1,1,1
"Gene514","Gene514",2.69412801786316,1,2.69412801786316,1,1,1,1,1
"Gene515","Gene515",15.8055477846347,1,15.8055477846347,1,1,1,0.778609456415857,1
"Gene516","Gene516",0.748552042012269,1,0.748552042012269,1,1,1,1,1
"Gene517","Gene517",1.08306280711416,1,1.08306280711416,1,1,1,1,1
"Gene518","Gene518",0.437963057949683,1,0.437963057949683,1,1,1,1,1
"Gene519","Gene519",28.0366047861154,1,28.0366047861154,1,1,1,1,1
"Gene520","Gene520",32.5008535442217,1,32.5008535442217,1,1.23322293126808,1,1,1.09572228679354
"Gene521","Gene521",75.7414754906842,1,75.7414754906842,1,1,1,1,1
"Gene522","Gene522",65.5457434299744,1,65.5457434299744,1,1,1,1,1
"Gene523","Gene523",31.1790662408469,1,31.1790662408469,1,1,1,1,0.728070396131857
"Gene524","Gene524",59.9205004837977,1,59.9205004837977,1,1,1,1,1
"Gene525","Gene525",114.865020567279,1,114.865020567279,1,0.676546104221714,1,1,1
"Gene526","Gene526",92.5496933027169,1,92.5496933027169,1,1,1,1,1
"Gene527","Gene527",2.37283492939199,1,2.37283492939199,1,1,1,1,1
"Gene528","Gene528",1.98057781714928,1,1.98057781714928,1,1,1,1,1
"Gene529","Gene529",3.06585172766985,1,3.06585172766985,1,1,1,1,1
"Gene530","Gene530",0.0587902594149855,1,0.0587902594149855,1,1,1,1,1
"Gene531","Gene531",0.00307345524592645,1,0.00307345524592645,1,1,1,1,1
"Gene532","Gene532",79.3359715922802,1,79.3359715922802,1,1,1,1,1
"Gene533","Gene533",3.90982543487165,1,3.90982543487165,1,1,1,1,1.39246886914298
"Gene534","Gene534",0.723176008526833,1,0.723176008526833,1.12168725731188,1,1,1,1
"Gene535","Gene535",149.66989252103,1,149.66989252103,1,1,0.924945639513979,1,1
"Gene536","Gene536",5.04012052111958,1,5.04012052111958,1,1,1,0.605327853122673,0.950831929413142
"Gene537","Gene537",14.9725786005107,1,14.9725786005107,1.6657283748136,1,1,1,1
"Gene538","Gene538",99.7008534406864,1,99.7008534406864,0.696246228821026,1,1,1,1
"Gene539","Gene539",50.4409282836945,1,50.4409282836945,1,1,1,1,1
"Gene540","Gene540",1.52594271113886,1,1.52594271113886,1,1,1,1,1
"Gene541","Gene541",28.7643801669085,1,28.7643801669085,1,1,1,1,1
"Gene542","Gene542",0.0283823857660444,1,0.0283823857660444,1,1,1,1,1
"Gene543","Gene543",1.02849058022791,1,1.02849058022791,1,1,0.722755219750794,1,1
"Gene544","Gene544",136.217339490461,1,136.217339490461,1,1,1,1,1
"Gene545","Gene545",94.6762310261548,1,94.6762310261548,1,1,1,1,1
"Gene546","Gene546",56.1232146034634,1,56.1232146034634,1,1,1,1,1
"Gene547","Gene547",30.4625623211427,1,30.4625623211427,1,1,1,1,1
"Gene548","Gene548",19.3244789611052,1,19.3244789611052,1,1,1,1,1
"Gene549","Gene549",70.6100934881323,1,70.6100934881323,1,1,1,1.17479247958009,1
"Gene550","Gene550",0.531969017378676,1,0.531969017378676,1,1,1,1,1
"Gene551","Gene551",113.465115752905,1,113.465115752905,1,1,1,1,1
"Gene552","Gene552",14.8184948904316,1,14.8184948904316,1,1,1,1,1
"Gene553","Gene553",11.1679736422725,1,11.1679736422725,1,1,1,0.455814863765099,1
"Gene554","Gene554",136.178361127092,1,136.178361127092,1,1,1,1,1
"Gene555","Gene555",18.1295165534308,1,18.1295165534308,1,1,1,1,1
"Gene556","Gene556",41.2837289457751,1,41.2837289457751,1,1,1,1,0.528289396548514
"Gene557","Gene557",6.70602052936861,1,6.70602052936861,1,1,1,1,1
"Gene558","Gene558",24.2042105505414,1,24.2042105505414,1,0.580700269900605,1,1,1
"Gene559","Gene559",0.227714340508274,1,0.227714340508274,1,1,1,1,1
"Gene560","Gene560",135.481909182919,1,135.481909182919,1,1,1,1,1
"Gene561","Gene561",46.1657305029447,1,46.1657305029447,1,1,1,1,1
"Gene562","Gene562",5.02194665214397,1,5.02194665214397,1,1,1,1,1
"Gene563","Gene563",21.4959974574525,1,21.4959974574525,1,1,0.803319287563324,1,1
"Gene564","Gene564",2.10324417402468,1,2.10324417402468,1,1,1,1,1
"Gene565","Gene565",2.26809245981859,1,2.26809245981859,1,1,1,1,1
"Gene566","Gene566",51.4049654717943,1,51.4049654717943,1,1,1,1,1
"Gene567","Gene567",1.24071263334238,1,1.24071263334238,1,1,1.75726988855864,1,1
"Gene568","Gene568",52.9823132288101,1,52.9823132288101,1,1,1.4215394184289,1,1
"Gene569","Gene569",76.6975419197993,1,76.6975419197993,1,1,0.742607184561279,1,2.18538881058156
"Gene570","Gene570",67.318370515318,1,67.318370515318,1,1,1,1,1
"Gene571","Gene571",239.985347341986,1,239.985347341986,1,0.471961146999676,1,1,1
"Gene572","Gene572",0.0849153866666794,1,0.0849153866666794,1,1.48220324081445,1,1,1
"Gene573","Gene573",4.13991082008619,47.6425145990445,674.13148244228,1,1.58026862250622,1,1,1
"Gene574","Gene574",0.112660602611835,1,0.112660602611835,1,1,1,1,1
"Gene575","Gene575",28.5316508916233,1,28.5316508916233,1,1,1,1,1
"Gene576","Gene576",18.3824149911276,1,18.3824149911276,1,1,1,1,1
"Gene577","Gene577",0.0277144722497801,1,0.0277144722497801,1,1,1,1,1
"Gene578","Gene578",0.451007466481186,1,0.451007466481186,1,1,0.879423258336119,1,1
"Gene579","Gene579",67.7078249732681,1,67.7078249732681,1,1,1,1,1
"Gene580","Gene580",26.0525339347633,1,26.0525339347633,1,1,1,1.03359837554675,1
"Gene581","Gene581",95.0381771581364,1,95.0381771581364,1,1,1,0.654051052533593,1
"Gene582","Gene582",5.96509752968221,1,5.96509752968221,1,1,1,1,1
"Gene583","Gene583",3.96885672733309,1,3.96885672733309,1,1,1,1,1
"Gene584","Gene584",39.2924959755499,1,39.2924959755499,1,1,1,1,1
"Gene585","Gene585",36.3724287908163,1,36.3724287908163,1,1,1,1,1
"Gene586","Gene586",6.789501255608,1,6.789501255608,1,1,1,1,1
"Gene587","Gene587",312.21636559322,1,312.21636559322,1,1,1,1,1
"Gene588","Gene588",76.8863267956558,1,76.8863267956558,1,1,1,1,1
"Gene589","Gene589",58.6148873950316,1,58.6148873950316,1,1,1,1.73249339028065,1
"Gene590","Gene590",37.3213982575133,51.9478566033869,735.051159168719,1,1,1,1,1
"Gene591","Gene591",14.1979145109183,1,14.1979145109183,1,1,1,1,1
"Gene592","Gene592",47.5238149278299,1,47.5238149278299,1,1,1,1.28243610751573,1
"Gene593","Gene593",5.5545342077498,1,5.5545342077498,1,1,1,1,1
"Gene594","Gene594",7.76917657560846,1,7.76917657560846,1,1,1,1,1
"Gene595","Gene595",1.40035858447399,1,1.40035858447399,1,1,1,0.93779403288658,1
"Gene596","Gene596",3.10325193925113,1,3.10325193925113,1.11456359685004,1,1,1,1
"Gene597","Gene597",4.00385374557531,59.502666541383,841.95011834274,1,1,1,1,1
"Gene598","Gene598",0.365919436254816,1,0.365919436254816,1,1,1,0.619622147413053,1
"Gene599","Gene599",5.30356975655553,1,5.30356975655553,1,1,1,1,1
"Gene600","Gene600",4.84107908595386,1,4.84107908595386,1,1,1,1,1
"Gene601","Gene601",2.77728767068942,1,2.77728767068942,1,1,1,1,0.855712349872615
"Gene602","Gene602",12.6775911003341,1,12.6775911003341,1,1,1,1,1
"Gene603","Gene603",69.2198490850985,1,69.2198490850985,1,1.38342067991065,1,1,1
"Gene604","Gene604",9.91231495193552,1,9.91231495193552,1,1,1,1,1
"Gene605","Gene605",54.4711099977554,1,54.4711099977554,1,1,1,1,1
"Gene606","Gene606",41.0096280451353,1,41.0096280451353,1.01491983123046,1,1,1,1
"Gene607","Gene607",0.122887524965385,1,0.122887524965385,1,1,1,1,1
"Gene608","Gene608",14.053375843215,1,14.053375843215,1,1,1,1,1
"Gene609","Gene609",5.52767436230062,43.5473122016264,616.185236608985,1,1,1,0.866720808036929,1
"Gene610","Gene610",113.097378384162,50.6279720885764,716.375073069777,1,1,1,1,1
"Gene611","Gene611",7.01513572260593,1,7.01513572260593,1,1,1,1,1
"Gene612","Gene612",90.206447426082,1,90.206447426082,1,1,1,1,0.376197588007079
"Gene613","Gene613",10.8710527626594,1,10.8710527626594,1,1,1,1,1
"Gene614","Gene614",3.83404271034233,1,3.83404271034233,1,1,1,1,1
"Gene615","Gene615",1.91964958247494,1,1.91964958247494,1,1,1,1,1
"Gene616","Gene616",29.4094237539949,1,29.4094237539949,1,1,1,1,1
"Gene617","Gene617",1.03478861640763,1,1.03478861640763,1,1,1,1,1
"Gene618","Gene618",149.316689485344,1,149.316689485344,1,1,1.6292438482292,1,1
"Gene619","Gene619",0.0676923074093109,1,0.0676923074093109,1,1,1,1,1
"Gene620","Gene620",2.15476218770229,1,2.15476218770229,1.65397956428189,0.539589469362341,1,1,1
"Gene621","Gene621",7.05465460159012,1,7.05465460159012,1,0.580922619706436,1,1,1
"Gene622","Gene622",52.6013354335257,57.1237572732908,808.289056474129,1,1,1,1,1.12159047488597
"Gene623","Gene623",49.2439253950913,35.4477134585429,501.577631325866,1,1,1,1,0.775028085056586
"Gene624","Gene624",9.48642387479369,1,9.48642387479369,1,1,1,1,1
"Gene625","Gene625",1.75017646769063,1,1.75017646769063,1,1,1,1,1
"Gene626","Gene626",22.232062154767,1,22.232062154767,1,1,1,1,1
"Gene627","Gene627",61.7255648010109,1,61.7255648010109,1,1,1,1,1
"Gene628","Gene628",19.5790229792296,1,19.5790229792296,1,1,1.25108866047229,1,1
"Gene629","Gene629",0.0284100409073626,1,0.0284100409073626,1,1,1,1,1
"Gene630","Gene630",7.6739776426153,39.2340123897677,555.152958593066,1,1,1,1,1
"Gene631","Gene631",1.44864739687784,1,1.44864739687784,1.29185191571505,1,1,1,0.427812520855686
"Gene632","Gene632",7.76295889443173,1,7.76295889443173,1,1,1,1,1
"Gene633","Gene633",9.74575492563885,1,9.74575492563885,1,1,0.956781171107854,1,1
"Gene634","Gene634",28.4253727177468,1,28.4253727177468,1,1,1,1,1
"Gene635","Gene635",0.687319847204993,1,0.687319847204993,1,1,1,1,1
"Gene636","Gene636",2.77613263114409,1,2.77613263114409,1,1,1,1,1
"Gene637","Gene637",13.939439756287,1,13.939439756287,1,1.02685437564976,1,1,1
"Gene638","Gene638",34.0301498085538,1,34.0301498085538,1,1,1,1,1
"Gene639","Gene639",2.7402978065145,85.4173835726963,1208.63787100267,1,1,1,1,1
"Gene640","Gene640",0.823920136456245,1,0.823920136456245,1,0.611915535975418,1,1,1
"Gene641","Gene641",0.354553970792179,1,0.354553970792179,1,1,1,1,1
"Gene642","Gene642",12.3856472163676,16.8954217975999,239.066636989225,1,1,1,1,1
"Gene643","Gene643",0.988842124982342,1,0.988842124982342,0.427973703166558,0.983571285298612,1,1,1
"Gene644","Gene644",0.54155703207366,1,0.54155703207366,1,1,1,1,1
"Gene645","Gene645",76.7382385241154,1,76.7382385241154,1,1,1,1,1
"Gene646","Gene646",9.85544953404088,1,9.85544953404088,1,1,1,1,1
"Gene647","Gene647",1.61193831025805,1,1.61193831025805,0.909014250428506,1,0.969936713245059,1,1
"Gene648","Gene648",47.6856958672623,1,47.6856958672623,1,1,1,1,1
"Gene649","Gene649",59.7201836936898,1,59.7201836936898,1,1,1,1,1
"Gene650","Gene650",23.2744577590842,1,23.2744577590842,1,1,1,1,1
"Gene651","Gene651",0.466724924086022,1,0.466724924086022,1,1,1,1.59154943010475,1
"Gene652","Gene652",0.380365299665556,1,0.380365299665556,1,0.934427504372793,1,1,1
"Gene653","Gene653",2.96724074047302,1,2.96724074047302,1,1,1,1,1
"Gene654","Gene654",3.06428559179995,1,3.06428559179995,1,1.21585327883168,1,1,1
"Gene655","Gene655",1.98641943197022,1,1.98641943197022,1,1,1,1,1
"Gene656","Gene656",16.2795060971959,72.9263619437713,1031.8925627671,1,1,1,0.72164391693072,1
"Gene657","Gene657",13.6452455652756,1,13.6452455652756,1,1,1,1,1
"Gene658","Gene658",0.143730867313007,75.8253106153161,1072.91207195799,1,1,1,1,1
"Gene659","Gene659",36.421677812469,1,36.421677812469,1,1,1,1,1
"Gene660","Gene660",0.072693079068618,1,0.072693079068618,1,1,1,1,1
"Gene661","Gene661",25.128106698926,1,25.128106698926,1,1,1,1,1
"Gene662","Gene662",121.017812087694,1,121.017812087694,1,1,1,1,1
"Gene663","Gene663",48.4715729051485,1,48.4715729051485,1,1,1,1,1
"Gene664","Gene664",43.0671119785451,1,43.0671119785451,1,1,1,1,1
"Gene665","Gene665",37.700651488447,1,37.700651488447,1,1,1,1,1
"Gene666","Gene666",50.4012456391321,1,50.4012456391321,1,1,1.05387747661048,1,1
"Gene667","Gene667",6.23821050619048,1,6.23821050619048,1,1,1,1,1
"Gene668","Gene668",23.9443397567152,1,23.9443397567152,1,1,1,1,1
"Gene669","Gene669",22.3198830125591,1,22.3198830125591,1,1,1,1,1
"Gene670","Gene670",2.94360606360791,1,2.94360606360791,1,1,0.63291220869714,1,1
"Gene671","Gene671",4.65809738871373,1,4.65809738871373,1,1,1,1,1
"Gene672","Gene672",34.7189198729713,1,34.7189198729713,1,1,1,1,1
"Gene673","Gene673",7.62900691564911,1,7.62900691564911,1,1,1,1,1
"Gene674","Gene674",7.8818534053305,1,7.8818534053305,1,1,1,1,1
"Gene675","Gene675",6.49311469026328,1,6.49311469026328,1,1,1,1,1
"Gene676","Gene676",36.2407032774586,1,36.2407032774586,1,1,1,1,1
"Gene677","Gene677",100.047221525415,1,100.047221525415,0.999508581176472,1,1.20255180633857,1,1
"Gene678","Gene678",49.7540218761207,1,49.7540218761207,0.907246868875877,1,1,1,1
"Gene679","Gene679",39.7812742831176,1,39.7812742831176,1,1,1,1,1
"Gene680","Gene680",0.67819255332591,1,0.67819255332591,1,1,1,1,1
"Gene681","Gene681",39.1269540562648,84.544006365495,1196.27976865696,1.00134729898888,1,1,1.21573061507752,1
"Gene682","Gene682",0.01104212790791,1,0.01104212790791,1,1,1,1,1
"Gene683","Gene683",34.0693014115832,1,34.0693014115832,1,1,1,1,1
"Gene684","Gene684",12.535039573356,1,12.535039573356,1,1,1,1,1
"Gene685","Gene685",4.40089617921454,1,4.40089617921454,1,1,0.908907529652596,1,1
"Gene686","Gene686",0.975108422014959,1,0.975108422014959,1,0.555145428920195,1,1,1
"Gene687","Gene687",6.54124816572649,1,6.54124816572649,1,1,1,1,1
"Gene688","Gene688",38.0823025230498,1,38.0823025230498,1,1,1,1,1
"Gene689","Gene689",36.3518655938252,1,36.3518655938252,1,1,1,1,1
"Gene690","Gene690",9.65291138317213,1,9.65291138317213,1,1,1,1,1
"Gene691","Gene691",27.1574401841736,1,27.1574401841736,1,1.44725797296338,1,1,1
"Gene692","Gene692",1.30387938460042,1,1.30387938460042,1,1,0.988218719266974,1,1
"Gene693","Gene693",24.3943232597376,1,24.3943232597376,1,1,1,1,0.787039004169718
"Gene694","Gene694",14.101661534373,1,14.101661534373,0.457280788408016,1,1,1,1
"Gene695","Gene695",0.110885531806158,1,0.110885531806158,1,1,1,1,1
"Gene696","Gene696",1.92494674774297,1,1.92494674774297,0.99916708402218,1,1,1,1
"Gene697","Gene697",34.7948315535614,1,34.7948315535614,1,1,1,1,1
"Gene698","Gene698",20.8512715227568,43.8874658794364,620.998339045119,1,1,1,1,1
"Gene699","Gene699",11.5927604908725,1,11.5927604908725,1,1,1,1,1
"Gene700","Gene700",0.0910816494352752,1,0.0910816494352752,1,1,0.441093542268389,1,1
"Gene701","Gene701",39.2734415966084,1,39.2734415966084,1,1,1,1,1
"Gene702","Gene702",80.1807443978224,1,80.1807443978224,0.573761901218988,1,1,1,1
"Gene703","Gene703",0.3668766839391,1,0.3668766839391,1,1,1,1,1
"Gene704","Gene704",10.4728176119408,1,10.4728176119408,1,1,1,1,1
"Gene705","Gene705",5.02193030219047,1,5.02193030219047,1,1,1,1,1
"Gene706","Gene706",21.4183868480062,1,21.4183868480062,1,1,1,1,0.981422535283918
"Gene707","Gene707",15.2454211810456,1,15.2454211810456,1,1,1,1,1
"Gene708","Gene708",4.07512818556794,1,4.07512818556794,1,1,1.23462207424799,1,1
"Gene709","Gene709",9.28298428218983,1,9.28298428218983,1,1,1,1,1
"Gene710","Gene710",4.01512313950213,1,4.01512313950213,1,1,1,1,1
"Gene711","Gene711",9.71695564422465,1,9.71695564422465,1,1,1,0.598701001997912,1
"Gene712","Gene712",67.8302192028341,1,67.8302192028341,0.704975035365825,0.933051701630041,1,1,1
"Gene713","Gene713",40.7786793347932,1,40.7786793347932,1,1,1,1,1.93067471501049
"Gene714","Gene714",38.4563435619275,1,38.4563435619275,1,1,0.612916537203874,1,1
"Gene715","Gene715",41.0413420813588,1,41.0413420813588,1,1,1,1,1
"Gene716","Gene716",6.80474926797018,1,6.80474926797018,1,1,1,1,1.11125989818819
"Gene717","Gene717",3.61257399719074,1,3.61257399719074,2.08726987167127,1,1,1,1.26856776781238
"Gene718","Gene718",5.83605602283726,1,5.83605602283726,1,1,1,1,1
"Gene719","Gene719",2.37654258350875,1,2.37654258350875,1,1,1,0.949203158070154,1
"Gene720","Gene720",20.0055635713008,1,20.0055635713008,1,1,1,1,1
"Gene721","Gene721",21.9045341529391,1,21.9045341529391,1,1,1,1,1
"Gene722","Gene722",8.14175220063199,1,8.14175220063199,1,1,1,1,1
"Gene723","Gene723",32.3427277842708,1,32.3427277842708,1,1,1,1,1
"Gene724","Gene724",43.0928527257084,1,43.0928527257084,1,1,1,1,1
"Gene725","Gene725",56.9739792517141,69.8331673026067,988.124514281835,1,1,1,1,1
"Gene726","Gene726",2.79645041155207,1,2.79645041155207,1,1,1,1,1.236116749207
"Gene727","Gene727",53.8230398858181,1,53.8230398858181,1,1,1,1,1
"Gene728","Gene728",61.8318073280513,1,61.8318073280513,1,1,1,1,1
"Gene729","Gene729",23.4631814544498,55.2824845530195,782.235437790409,1,1,1,1,1.55502094067192
"Gene730","Gene730",14.557482236726,1,14.557482236726,1,1,1,1,0.734200343668303
"Gene731","Gene731",5.42518379955864,1,5.42518379955864,1,1,1,1,1
"Gene732","Gene732",14.9839030520231,1,14.9839030520231,1,1,1,1,1
"Gene733","Gene733",0.00936147596456101,1,0.00936147596456101,1,1,1,1,1
"Gene734","Gene734",1.47598576796612,1,1.47598576796612,1,1,1,1,1
"Gene735","Gene735",2.02746992501658,1,2.02746992501658,1,1,1,1,1
"Gene736","Gene736",93.9389704126494,1,93.9389704126494,1,1.10856818424341,1,2.66378367651473,1
"Gene737","Gene737",67.2069336909977,1,67.2069336909977,1,1.70043079641616,1,1,1
"Gene738","Gene738",39.0902321703984,1,39.0902321703984,1,1,1,1,1
"Gene739","Gene739",14.517204008108,1,14.517204008108,1,1,1,1,1
"Gene740","Gene740",3.1164460789542,1,3.1164460789542,1,1,1,1,1
"Gene741","Gene741",0.020151812046994,1,0.020151812046994,1,0.664246823912938,1,1,1
"Gene742","Gene742",25.0222019240076,1,25.0222019240076,1,1,1,1,1
"Gene743","Gene743",0.0133431260676939,1,0.0133431260676939,1,1,1,1,1
"Gene744","Gene744",33.2054512005006,1,33.2054512005006,1,1,1,1,1
"Gene745","Gene745",53.5615800635134,1,53.5615800635134,1,1,1,1,1
"Gene746","Gene746",16.0432592076837,1,16.0432592076837,1,1,1,1,1
"Gene747","Gene747",0.146913453395262,1,0.146913453395262,1,1,1,1.41078603114835,1
"Gene748","Gene748",1.90450839539874,1,1.90450839539874,1,1,1,1,1
"Gene749","Gene749",5.03936725132726,1,5.03936725132726,1,1,1,1,1
"Gene750","Gene750",83.7113181460175,1,83.7113181460175,1,1,1,1,1
"Gene751","Gene751",67.5780415226668,1,67.5780415226668,1,1,1,1.41035027924812,1
"Gene752","Gene752",5.77482801975474,1,5.77482801975474,1.23569186554458,1,1,1,1
"Gene753","Gene753",10.369620818779,1,10.369620818779,1,1,1,1,1
"Gene754","Gene754",9.47951005051219,1,9.47951005051219,1,1,1,2.10852838442909,1
"Gene755","Gene755",1.14857378912538,1,1.14857378912538,1,1,1,1,1
"Gene756","Gene756",0.63626100653653,1,0.63626100653653,1.33748463021431,1,1,1,1
"Gene757","Gene757",6.03648921747902,1,6.03648921747902,1,1,1,1,1
"Gene758","Gene758",0.337533213748886,1,0.337533213748886,1,1,1,1,1
"Gene759","Gene759",78.4535502765874,1,78.4535502765874,1,1,1,1,0.631585907458885
"Gene760","Gene760",9.90511985604378,1,9.90511985604378,1,1,1,1,1
"Gene761","Gene761",0.135970676689973,1,0.135970676689973,1,1,0.701427521335696,1,1
"Gene762","Gene762",0.420805853906371,1,0.420805853906371,1,1,1,1,1
"Gene763","Gene763",5.70524754030019,1,5.70524754030019,1,1,1,1,1
"Gene764","Gene764",1.7342030333766,1,1.7342030333766,1,1,1,0.920080321273968,1
"Gene765","Gene765",79.0195551318197,1,79.0195551318197,1,1,1,1,0.819461004325349
"Gene766","Gene766",38.2975618340733,1,38.2975618340733,1,1,1,1,1
"Gene767","Gene767",14.5972274007847,1,14.5972274007847,1,1,1,1.43054445888706,1
"Gene768","Gene768",5.73112647195695,1,5.73112647195695,1,1,1,1,1
"Gene769","Gene769",32.2446257861121,1,32.2446257861121,1,1,1.14847256357427,1,1
"Gene770","Gene770",14.8603322584208,1,14.8603322584208,1,1,0.91015542763253,1,1
"Gene771","Gene771",105.015412210971,1,105.015412210971,1,1,1,0.785158614140888,0.778520772543426
"Gene772","Gene772",40.8412602438113,1,40.8412602438113,1,1,1,1,1
"Gene773","Gene773",36.3738670729696,1,36.3738670729696,1,1,1,0.945225172395804,1
"Gene774","Gene774",0.532478373531627,1,0.532478373531627,1,1,0.806251451370102,1,1
"Gene775","Gene775",140.224848852146,1,140.224848852146,1,1,1,1,1
"Gene776","Gene776",16.1357924346946,1,16.1357924346946,1,1,1.14469238513388,1,1
"Gene777","Gene777",1.43476444533718,1,1.43476444533718,1,1,1,1,1.0576921606007
"Gene778","Gene778",77.7440872994289,1,77.7440872994289,1,1,1,1,1
"Gene779","Gene779",26.512960163588,1,26.512960163588,1,1,1,1,1
"Gene780","Gene780",209.500232659042,1,209.500232659042,1,1,1,2.14939249677732,1
"Gene781","Gene781",11.283052368832,1,11.283052368832,1,1,1,1,1
"Gene782","Gene782",0.669810990370777,1,0.669810990370777,1,1,1,1,1
"Gene783","Gene783",0.186033728847031,1,0.186033728847031,1,1,1,1,1
"Gene784","Gene784",2.02839282081979,1,2.02839282081979,1,1,1,1,1
"Gene785","Gene785",37.9143732344579,1,37.9143732344579,1,1,1,1,1
"Gene786","Gene786",21.6269295675836,1,21.6269295675836,1,1,1.21766899893357,1,1
"Gene787","Gene787",12.8424199938797,1,12.8424199938797,1,1,1,1,1
"Gene788","Gene788",23.5814014049532,1,23.5814014049532,0.733334055229,1,1,1,1
"Gene789","Gene789",1.02614554729816,1,1.02614554729816,1,1,1.0714976228298,1,1
"Gene790","Gene790",111.3113819227,1,111.3113819227,1,1,1,1,1
"Gene791","Gene791",28.5258717527619,1,28.5258717527619,1.10978954768482,1,1,1.00982990279275,0.823821721016224
"Gene792","Gene792",10.9033064803353,1,10.9033064803353,1,1,1,1,0.977786544068829
"Gene793","Gene793",5.57699352819168,1,5.57699352819168,1,1,1,1,1
"Gene794","Gene794",62.98616568747,1,62.98616568747,1,1,1,1,1
"Gene795","Gene795",1.38899722248364,1,1.38899722248364,1,1,1,1.24808414654751,1
"Gene796","Gene796",14.2965222399955,1,14.2965222399955,1,1,1,1,1
"Gene797","Gene797",4.74520337086621,1,4.74520337086621,1,1,1,1,1
"Gene798","Gene798",21.6848876223532,40.1723859835857,568.430746031639,1,0.667905480624351,1,1,1.59152186417571
"Gene799","Gene799",2.55382208440894,62.7203488950521,887.479641571365,1,1,1,1,1
"Gene800","Gene800",17.1480242594301,1,17.1480242594301,1,1,1,1,1
"Gene801","Gene801",19.0690323952073,1,19.0690323952073,1,1,1,1,1
"Gene802","Gene802",1.61766509044348,1,1.61766509044348,1,1,1,1,1
"Gene803","Gene803",0.462307549528578,1,0.462307549528578,1,1,1,1,1
"Gene804","Gene804",35.841084726217,1,35.841084726217,1,1,1,1,1
"Gene805","Gene805",42.5181044163842,1,42.5181044163842,1,1,1.87631383459268,1,1
"Gene806","Gene806",29.6018657229922,1,29.6018657229922,1,1,1,1.94227444270938,1
"Gene807","Gene807",2.01440559417704,1,2.01440559417704,1,1,1,1,1
"Gene808","Gene808",0.714029457414762,1,0.714029457414762,1,0.629744402548916,1,0.627499706070881,1
"Gene809","Gene809",0.55291369362177,1,0.55291369362177,1,1,1,1,1
"Gene810","Gene810",16.9648744775414,1,16.9648744775414,1,1,1,1,1
"Gene811","Gene811",62.3963103547146,1,62.3963103547146,0.48845232062971,1,1,0.672508942485674,1
"Gene812","Gene812",16.5645825173399,1,16.5645825173399,1,1,1,1,1
"Gene813","Gene813",137.052283180921,1,137.052283180921,1,1,1.78708315306883,1,1
"Gene814","Gene814",19.8676386341872,1,19.8676386341872,1,1,1,1,1
"Gene815","Gene815",2.7197524896719,1,2.7197524896719,1,1,0.84417855406627,0.718031932089072,1
"Gene816","Gene816",0.058121727127152,1,0.058121727127152,1,1,1,1,1
"Gene817","Gene817",5.90206706872368,1,5.90206706872368,1,1,1,1,1
"Gene818","Gene818",1.64741943372112,1,1.64741943372112,1,1,1,1,0.752801669459515
"Gene819","Gene819",1.38264405118662,1,1.38264405118662,1,1,1.07452927816348,1,1
"Gene820","Gene820",8.80282167164867,1,8.80282167164867,1,1.06360695469581,1,1,1
"Gene821","Gene821",23.9422688630501,1,23.9422688630501,1,1,1,1,1
"Gene822","Gene822",7.83344694711555,1,7.83344694711555,1,1,1,1,1
"Gene823","Gene823",1.64527068891749,1,1.64527068891749,1.02198291944422,1,1,1,1.04169973952324
"Gene824","Gene824",2.66550065311318,1,2.66550065311318,1,1,1,1,1
"Gene825","Gene825",10.8765624970899,1,10.8765624970899,1,1,1,1,1
"Gene826","Gene826",60.2403452466483,1,60.2403452466483,1,1,1,1,2.14334541045201
"Gene827","Gene827",0.266253929564438,1,0.266253929564438,1,1,1,1,1
"Gene828","Gene828",29.6528488475759,58.5810305502789,828.909164434576,1,1,1,1,1
"Gene829","Gene829",7.3424848681337,1,7.3424848681337,1,1,1,1,1
"Gene830","Gene830",91.7822808346257,1,91.7822808346257,1,1,1,1,1
"Gene831","Gene831",32.7294847732898,1,32.7294847732898,1,1,1,1,1
"Gene832","Gene832",2.06892734426659,1,2.06892734426659,1,1,0.549279676840135,1,1
"Gene833","Gene833",0.857173259867904,1,0.857173259867904,1,1,1,1,1
"Gene834","Gene834",45.0220016993007,1,45.0220016993007,1,1,1,1,1
"Gene835","Gene835",2.43924656105455,1,2.43924656105455,1,0.83253617219547,1,1,1
"Gene836","Gene836",47.7371729713689,1,47.7371729713689,1,1,1.57389269255741,1,1
"Gene837","Gene837",9.97637823291968,1,9.97637823291968,1,1,1,1,1
"Gene838","Gene838",15.2254338568889,1,15.2254338568889,1,1,1,1,0.900727295063512
"Gene839","Gene839",36.5906398828165,44.0937111930175,623.916666512956,1,1,1,1,1
"Gene840","Gene840",39.6493257616847,1,39.6493257616847,1,1,1,1,1
"Gene841","Gene841",0.15212587801772,1,0.15212587801772,0.562359331838313,1,1,1,1
"Gene842","Gene842",62.55268015481,1,62.55268015481,1,1,1,1,1.85947382488966
"Gene843","Gene843",6.06609072932186,42.9367940267971,607.546533851178,1,1,1,1,1
"Gene844","Gene844",0.0940037982910016,1,0.0940037982910016,1,2.15469061603433,1,0.762241427609921,1
"Gene845","Gene845",6.74165877134655,1,6.74165877134655,1,1,1,1,1
"Gene846","Gene846",6.67630161177197,1,6.67630161177197,1,1,1,1,1
"Gene847","Gene847",21.0791305739097,1,21.0791305739097,1,1,1.07987276010826,1,1
"Gene848","Gene848",28.7767991541929,1,28.7767991541929,1,1,1,1,1
"Gene849","Gene849",33.4691367555185,1,33.4691367555185,1,1,1,1,1
"Gene850","Gene850",2.33519060248164,1,2.33519060248164,1,1,1,1,1
"Gene851","Gene851",1.73611755869455,1,1.73611755869455,1,1,1,1,1
"Gene852","Gene852",2.22880875103946,1,2.22880875103946,1,1,1,1,1
"Gene853","Gene853",86.163394994669,46.1725209933812,653.3313845275,1,1,1,0.415686716411314,1.06543605811108
"Gene854","Gene854",7.38623542678554,1,7.38623542678554,1,1,1,1,1
"Gene855","Gene855",8.34246992561324,1,8.34246992561324,1,1,1,1,1
"Gene856","Gene856",93.3440934576558,1,93.3440934576558,1,1.94041554456758,1,1,1
"Gene857","Gene857",1.72676152356548,1,1.72676152356548,1,1,1,1,1
"Gene858","Gene858",21.6927490922702,1,21.6927490922702,1,1,1.47835464260396,1,1
"Gene859","Gene859",3.39296460884163,1,3.39296460884163,1,1,1,1,1
"Gene860","Gene860",18.0865134868351,1,18.0865134868351,1,1,1,1,1
"Gene861","Gene861",90.0865882890675,1,90.0865882890675,0.963001153071672,1,1,1,1
"Gene862","Gene862",9.45069976469794,1,9.45069976469794,1.491065525854,1,1,0.859466394425756,1
"Gene863","Gene863",0.175033793308704,1,0.175033793308704,1.31300641395223,1,1,1,1
"Gene864","Gene864",8.55330147920347,1,8.55330147920347,1,1,1.23377838073131,1,1
"Gene865","Gene865",6.40773850190971,1,6.40773850190971,1,1,1,1,1
"Gene866","Gene866",63.6540561929986,1,63.6540561929986,1,0.766329450829611,1,1,0.796760854136484
"Gene867","Gene867",6.38288824918997,1,6.38288824918997,1,1,1,1,1
"Gene868","Gene868",26.1339019316891,1,26.1339019316891,1,1.2840461010121,1,1,1
"Gene869","Gene869",66.7445596729965,1,66.7445596729965,1,1,1,1,1
"Gene870","Gene870",77.5448874516577,1,77.5448874516577,1,1,1,1,0.579695011225931
"Gene871","Gene871",51.5836809936321,1,51.5836809936321,1,1.08176273444313,1,1,1
"Gene872","Gene872",51.9530821483989,1,51.9530821483989,1,1,1,1,1
"Gene873","Gene873",0.00716927202156576,1,0.00716927202156576,1,1,0.86857070246443,1,0.94347342387903
"Gene874","Gene874",3.58386374862814,1,3.58386374862814,1,1,1,1,1
"Gene875","Gene875",31.910860165702,1,31.910860165702,1,1,1,1,1
"Gene876","Gene876",77.5322342679609,1,77.5322342679609,1,1,1,1,1
"Gene877","Gene877",6.02313899771456,1,6.02313899771456,1,0.880286271145979,1,1,1
"Gene878","Gene878",9.87230661428777,1,9.87230661428777,0.5004847714917,1,1,1,1
"Gene879","Gene879",0.00788408228441724,1,0.00788408228441724,1,1,1,1,1
"Gene880","Gene880",9.18370953254858,1,9.18370953254858,1,1,1,1,0.757788717695732
"Gene881","Gene881",0.318304100621396,1,0.318304100621396,1,1,1,1,1
"Gene882","Gene882",25.7667987422916,1,25.7667987422916,1,1,1,1,1
"Gene883","Gene883",19.7376488851991,1,19.7376488851991,1,1.4104348775326,1,0.875431943670784,1
"Gene884","Gene884",90.322679425207,1,90.322679425207,1,1,1,1,1
"Gene885","Gene885",12.6315087469936,1,12.6315087469936,1,1,1,1.50797131059913,1
"Gene886","Gene886",15.9007071565417,1,15.9007071565417,1,1,1,1,1
"Gene887","Gene887",9.194711001673,1,9.194711001673,1.03708521722677,1,1,1,1
"Gene888","Gene888",81.5529826335793,1,81.5529826335793,1,1,1,1,1
"Gene889","Gene889",2.7777991701195,1,2.7777991701195,0.415772474092998,1,1,1,0.806398483051365
"Gene890","Gene890",27.5763429421844,1,27.5763429421844,1,1,1,1,1
"Gene891","Gene891",20.5478048466149,1,20.5478048466149,1.45189710803832,1,0.740290884820132,1,1
"Gene892","Gene892",7.90397889647686,1,7.90397889647686,1,1,1,1,1
"Gene893","Gene893",18.4396353784698,1,18.4396353784698,1,1,1,1,1
"Gene894","Gene894",19.0404370715867,1,19.0404370715867,1,1,1,1,1
"Gene895","Gene895",15.7635552392131,1,15.7635552392131,1,1,1,1,1
"Gene896","Gene896",22.4795655699963,1,22.4795655699963,1,1,1,1,0.838175696538172
"Gene897","Gene897",4.3614280819277,1,4.3614280819277,1,1,1,1,1
"Gene898","Gene898",3.04328336801726,1,3.04328336801726,1,1,1,1,1
"Gene899","Gene899",0.13562180194004,1,0.13562180194004,1,1,1,1,1
"Gene900","Gene900",194.185301382846,1,194.185301382846,1,1,1,1,1
"Gene901","Gene901",1.33275502988901,1,1.33275502988901,1,1,1,1.30116852858869,1
"Gene902","Gene902",57.8344514917783,1,57.8344514917783,1,1,1,1,1
"Gene903","Gene903",13.5223068735419,1,13.5223068735419,2.13801183606733,1,1,1,1.00353797173165
"Gene904","Gene904",166.877650788776,1,166.877650788776,1,1,1,1,1
"Gene905","Gene905",1.96141802369672,1,1.96141802369672,1,1,1,1,1
"Gene906","Gene906",3.98592622692905,1,3.98592622692905,1,1,1,1,1
"Gene907","Gene907",17.1333300196859,1,17.1333300196859,1,1,1,1,1
"Gene908","Gene908",2.1030935180478,1,2.1030935180478,1,1,1,1,1
"Gene909","Gene909",36.571721178979,1,36.571721178979,1,1,1,1,1
"Gene910","Gene910",18.2464919772931,1,18.2464919772931,1,1,1,1,1
"Gene911","Gene911",37.8109628317491,1,37.8109628317491,1,0.81307032135172,0.904005268279459,1,1
"Gene912","Gene912",1.79916907241668,1,1.79916907241668,1,1,1,1,1
"Gene913","Gene913",4.22426760362145,1,4.22426760362145,1,1,1.5858507217262,1,1
"Gene914","Gene914",140.569462316326,1,140.569462316326,1,1,1,1,1
"Gene915","Gene915",65.3033264178157,1,65.3033264178157,1,1,1,1,1
"Gene916","Gene916",8.59219718660489,1,8.59219718660489,1,1,1,1,1.41959144318098
"Gene917","Gene917",0.311206969110653,1,0.311206969110653,1.08901599116157,0.495000672929982,1.01509296481552,1,1
"Gene918","Gene918",6.83009728680244,61.5256357034808,870.574703162772,1,1,1,1,1
"Gene919","Gene919",11.2537226810425,1,11.2537226810425,1,1,1,1,1
"Gene920","Gene920",26.168833633763,1,26.168833633763,1,1,1,1,1
"Gene921","Gene921",34.1941473836492,50.0123996698273,707.664853831891,1,1,1,1,0.503859389323256
"Gene922","Gene922",13.7781708560583,1,13.7781708560583,1,1,1,1,1
"Gene923","Gene923",12.4842200467134,1,12.4842200467134,1,1,1,0.545881882748554,1
"Gene924","Gene924",67.8440775247559,1,67.8440775247559,1,1,1,1,1
"Gene925","Gene925",30.9900343513794,1,30.9900343513794,1,1,1,1,1
"Gene926","Gene926",5.87743730477704,1,5.87743730477704,1,1,1,1,1
"Gene927","Gene927",37.1287547226122,1,37.1287547226122,1,1,1,1,1
"Gene928","Gene928",41.6187081420298,1,41.6187081420298,1,1,1,1,1
"Gene929","Gene929",12.3079438569796,1,12.3079438569796,1,1,1,1,1
"Gene930","Gene930",1.88883412798082,1,1.88883412798082,1,1,1,1,1
"Gene931","Gene931",16.9208448067383,1,16.9208448067383,1,1,1,1,1
"Gene932","Gene932",3.16156017721086,1,3.16156017721086,1,1,1,1,1
"Gene933","Gene933",2.34716446500247,1,2.34716446500247,1,1,1,1,1
"Gene934","Gene934",25.3261606104775,1,25.3261606104775,1,1,1,1,1
"Gene935","Gene935",63.6653002423356,1,63.6653002423356,1,1,2.0151324406618,1,1
"Gene936","Gene936",9.72107099879285,1,9.72107099879285,1,1,1,1,0.694596696094845
"Gene937","Gene937",18.3571331764038,1,18.3571331764038,0.761180355140708,1,1,1,1
"Gene938","Gene938",17.5508481720208,1,17.5508481720208,0.882940830061517,1,1,1.67734586705454,1
"Gene939","Gene939",48.040945806039,1,48.040945806039,1,1,1,2.83217233652835,1
"Gene940","Gene940",36.4062257669621,1,36.4062257669621,1,1.30608861376123,1,1,1
"Gene941","Gene941",0.487363607174332,1,0.487363607174332,1,1,1,1,1
"Gene942","Gene942",0.00818180250896377,1,0.00818180250896377,1,1,1,1,1
"Gene943","Gene943",14.3113793352808,30.7530379306876,435.14896777161,1,1,1,1,1
"Gene944","Gene944",6.8599194831794,1,6.8599194831794,1,1,1,1,1
"Gene945","Gene945",0.0940140249967114,1,0.0940140249967114,1,1,1,1,1
"Gene946","Gene946",12.2969822618427,1,12.2969822618427,1,1,1,1,1
"Gene947","Gene947",33.6341782542571,1,33.6341782542571,1,1,1.7652623308444,1,0.962995758329728
"Gene948","Gene948",0.131092306895973,1,0.131092306895973,1,1,1,1.98474801805322,1
"Gene949","Gene949",115.446826075236,1,115.446826075236,1,1,1,1,1
"Gene950","Gene950",0.000254661340559022,1,0.000254661340559022,1,1,1,1,1
"Gene951","Gene951",3.53362492529736,1,3.53362492529736,1,1,1,1,1
"Gene952","Gene952",0.601993451066019,1,0.601993451066019,1,1,0.851724208610926,1,1
"Gene953","Gene953",24.0689547314846,1,24.0689547314846,1,1,1,1,1
"Gene954","Gene954",3.41534453870908,1,3.41534453870908,1,1,1,1,1
"Gene955","Gene955",165.573753691985,1,165.573753691985,1,1,1,1,1
"Gene956","Gene956",59.7813600512898,1,59.7813600512898,1,1,1,1,1
"Gene957","Gene957",19.006270917958,1,19.006270917958,1,1,1,1,1.31572466636322
"Gene958","Gene958",45.7545716091114,1,45.7545716091114,1,1,1,1,1
"Gene959","Gene959",9.090601735077,1,9.090601735077,1,1,1,1,1
"Gene960","Gene960",9.95757094896024,1,9.95757094896024,1,1,1,1,1
"Gene961","Gene961",14.9394615313094,1,14.9394615313094,1,1,1,1,1
"Gene962","Gene962",2.58647787994727,1,2.58647787994727,1,1,1,1,1
"Gene963","Gene963",18.3807341969236,1,18.3807341969236,1,1,1,1,1
"Gene964","Gene964",0.292597971096701,1,0.292597971096701,1.98469039888212,1,1,1,1
"Gene965","Gene965",23.7619377402911,57.2427481058246,809.972751531119,1,1,1,1,1
"Gene966","Gene966",0.0670825556093083,1,0.0670825556093083,1,1,1,1,1
"Gene967","Gene967",44.9870001409512,1,44.9870001409512,1,1,1,1,1
"Gene968","Gene968",41.1452282571705,1,41.1452282571705,1.66750947502621,1,1,1,1
"Gene969","Gene969",0.0935834301245413,1,0.0935834301245413,1,1,0.479482387438556,1,1
"Gene970","Gene970",85.8106216392231,1,85.8106216392231,1,1,1,1,1
"Gene971","Gene971",9.87411104333825,1,9.87411104333825,1,1,1,1,1
"Gene972","Gene972",6.26722955871617,1,6.26722955871617,2.41640892123193,1,1,1,1
"Gene973","Gene973",8.60003408896748,1,8.60003408896748,1.31656604807336,1,1,1,1
"Gene974","Gene974",29.5972810980016,1,29.5972810980016,1,1,1,1,1
"Gene975","Gene975",26.9821520226787,1,26.9821520226787,1,1,1,1,1
"Gene976","Gene976",2.14315253435956,1,2.14315253435956,1,1,1.08468765709104,1,1
"Gene977","Gene977",24.9938651044744,1,24.9938651044744,1,1,1,1,1
"Gene978","Gene978",0.0116370660622627,1,0.0116370660622627,1,1,1,1,1
"Gene979","Gene979",30.0319846104231,44.4585789664099,629.079468162753,1,1,1,1,1
"Gene980","Gene980",0.000814339174033083,1,0.000814339174033083,1,1,0.739349281661597,1,1
"Gene981","Gene981",30.741803965195,1,30.741803965195,1,1,1,1,1
"Gene982","Gene982",11.8808122764101,1,11.8808122764101,1,1,1,1,1
"Gene983","Gene983",33.2522693562186,1,33.2522693562186,0.633944648836836,1,1,1,1
"Gene984","Gene984",88.0333798517523,1,88.0333798517523,1,1,1,1,1
"Gene985","Gene985",20.3636566789152,1,20.3636566789152,1,1,1,1,1
"Gene986","Gene986",5.75517219368197,1,5.75517219368197,1,1,1,1,1
"Gene987","Gene987",11.8800877193583,1,11.8800877193583,1,1,1,1,1
"Gene988","Gene988",27.6664985914026,1,27.6664985914026,1,1.19988411073387,1,1,1
"Gene989","Gene989",1.61451593267714,1,1.61451593267714,1,1,1,1,1
"Gene990","Gene990",0.15688236530012,1,0.15688236530012,1,0.546281137330281,1,1,1
"Gene991","Gene991",3.03073461314471,1,3.03073461314471,1,1,1,1,1
"Gene992","Gene992",1.14611194625107,1,1.14611194625107,1.50811368505738,0.981570760625847,1,1,1
"Gene993","Gene993",20.6163401284893,1,20.6163401284893,1.15468770185251,1,1,1,1
"Gene994","Gene994",7.89690810072015,1,7.89690810072015,1,1,1,1,1
"Gene995","Gene995",198.643165206166,1,198.643165206166,1,1,1,1,1
"Gene996","Gene996",19.0251109644653,1,19.0251109644653,1,1,1,1,1
"Gene997","Gene997",27.6265389367494,1,27.6265389367494,1,1.63342084349017,1,1,1
"Gene998","Gene998",4.75209744934059,1,4.75209744934059,1,1,1,1,0.869066087928662
"Gene999","Gene999",10.6555976650732,1,10.6555976650732,1,1,1,1.26577122270669,1
"Gene1000","Gene1000",0.00579208486971841,67.7950855932174,959.286090121145,1,1,1,1,1
